UAI validée;Siret;Réseaux à jour
0693733H;32922456200093;Eduservice
0672866B;32922456200184;Eduservice
0312723S;32922456200259;Eduservice
0061610T;32922456200267;Eduservice
0541361L;32922456200358;Eduservice
0781663J;32922456200416;Eduservice
0751698N;32922456200549;Eduservice
0442291B;32922456200572;Eduservice
0771204R;32922456200598;Eduservice
0333362A;32922456200606;Eduservice
0342419V;32922456200614;Eduservice
0694315R;32922456200622;Eduservice
0922795N;32922456200630;Eduservice
0694316S;32922456200648;Eduservice
0694424J;32922456200671;Eduservice
0333362A;32922456200747;Eduservice
0342460P;32922456200754;Eduservice
0542556K;32922456200820;Eduservice
0694619W;32922456200853;Eduservice
0332769F;33830238300025;Eduservice
0752946V;33830238300041;Eduservice
0371212S;33830238300058;Eduservice
0131867J;33830238300215;Eduservice
0752946V;33830238300231;Eduservice
0442566A;33830238300272;Eduservice
0061929P;33830238300280;Eduservice
0141890D;33830238300314;Eduservice
0341526Z;33830238300330;Eduservice
0371212S;33830238300397;Eduservice
0691877R;33830238300413;Eduservice
0332769F;33830238300421;Eduservice
0311768D;33830238300454;Eduservice
0131867J;33830238300470;Eduservice
0341526Z;33830238300488;Eduservice
0753435B;33973934400077;Eduservice
0353001X;35119111900160;Eduservice
0562044T;35119111900277;Eduservice
0142395C;35119111900285;Eduservice
0353009F;35119111900293;Eduservice
0531021X;35119111900301;Eduservice
0562047W;35119111900335;Eduservice
0142466E;35119111900368;Eduservice
0292454K;35119111900434;Eduservice
0741369L;38416491900027;Eduservice
0741435H;38416491900134;Eduservice
0741710G;38416491900142;Eduservice
0741369L;38416491900159;Eduservice
0383506E;38416491900167;Eduservice
0731518D;38416491900183;Eduservice
0731398Y;38416491900191;Eduservice
0922139A;40132583200079;Eduservice
0922794M;40132583200087;Eduservice
0922377J;40329773200022;Eduservice
0597039F;42352848800046;Eduservice
0802176F;42352848800103;Eduservice
0802176F;42352848800129;Eduservice
0342129E;42986464800028;Eduservice
0312778B;42986464800036;Eduservice
0382939N;42986464800119;Eduservice
0342365L;42986464800135;Eduservice
0755893Y;42986464800168;Eduservice
0492064C;44344472400027;Eduservice
0301748M;44451794000037;Eduservice
0942448A;44536997800041;Eduservice
0597155G;48017681700066;Eduservice
0597313D;48017681700132;Eduservice
0597317H;48017681700140;Eduservice
0923032W;51009723100078;Eduservice
0624510R;84795362700027;Eduservice
